Country;Year;Value
Australia;1999;109,7
Australia;2000;136,6
Australia;2001;146,3
Australia;2002;169,5
Australia;2003;171,6
Australia;2004;213,2
Australia;2005;200,9
Australia;2006;200,4
Australia;2007;217,5
Australia;2008;222,8
Australia;2009;234,0
Australia;2010;238,7
Australia;2011;221,0
Australia;2012;201,2
Australia;2013;202,1
Australia;2014;177,4
Australia;2015;186,0
Australia;2016;177,9
Australia;2017;107,0
Australia;2018;
Australia;2019;
Austria;1999;63,9
Austria;2000;90,8
Austria;2001;60,9
Austria;2002;61,6
Austria;2003;69,4
Austria;2004;83,9
Austria;2005;99,2
Austria;2006;112,9
Austria;2007;139,5
Austria;2008;145,0
Austria;2009;168,5
Austria;2010;211,5
Austria;2011;206,9
Austria;2012;203,0
Austria;2013;141,5
Austria;2014;160,6
Austria;2015;166,2
Austria;2016;147,1
Austria;2017;89,2
Austria;2018;
Austria;2019;
Belgium;1999;44,0
Belgium;2000;53,9
Belgium;2001;74,9
Belgium;2002;56,5
Belgium;2003;48,7
Belgium;2004;72,9
Belgium;2005;47,2
Belgium;2006;74,3
Belgium;2007;97,1
Belgium;2008;116,2
Belgium;2009;128,8
Belgium;2010;140,7
Belgium;2011;125,1
Belgium;2012;124,2
Belgium;2013;119,9
Belgium;2014;127,9
Belgium;2015;109,8
Belgium;2016;137,1
Belgium;2017;69,5
Belgium;2018;
Belgium;2019;
Canada;1999;143,8
Canada;2000;164,2
Canada;2001;170,9
Canada;2002;184,3
Canada;2003;188,5
Canada;2004;215,4
Canada;2005;242,4
Canada;2006;284,6
Canada;2007;283,8
Canada;2008;264,5
Canada;2009;294,5
Canada;2010;354,4
Canada;2011;365,3
Canada;2012;335,4
Canada;2013;311,4
Canada;2014;323,0
Canada;2015;280,9
Canada;2016;262,6
Canada;2017;169,8
Canada;2018;
Canada;2019;
Chile;1999;0,0
Chile;2000;0,0
Chile;2001;1,0
Chile;2002;1,5
Chile;2003;1,9
Chile;2004;2,2
Chile;2005;0,6
Chile;2006;4,0
Chile;2007;4,8
Chile;2008;8,9
Chile;2009;11,9
Chile;2010;17,8
Chile;2011;28,5
Chile;2012;22,9
Chile;2013;34,7
Chile;2014;26,8
Chile;2015;30,4
Chile;2016;27,7
Chile;2017;14,0
Chile;2018;
Chile;2019;
Colombia;1999;0,2
Colombia;2000;3,5
Colombia;2001;1,0
Colombia;2002;3,0
Colombia;2003;3,3
Colombia;2004;4,0
Colombia;2005;3,0
Colombia;2006;5,0
Colombia;2007;3,1
Colombia;2008;6,5
Colombia;2009;10,4
Colombia;2010;7,5
Colombia;2011;12,6
Colombia;2012;10,4
Colombia;2013;13,3
Colombia;2014;8,7
Colombia;2015;8,7
Colombia;2016;16,5
Colombia;2017;17,8
Colombia;2018;
Colombia;2019;
Czech Republic;1999;9,5
Czech Republic;2000;6,5
Czech Republic;2001;9,7
Czech Republic;2002;7,8
Czech Republic;2003;10,9
Czech Republic;2004;17,3
Czech Republic;2005;15,5
Czech Republic;2006;12,9
Czech Republic;2007;32,5
Czech Republic;2008;27,0
Czech Republic;2009;16,7
Czech Republic;2010;21,0
Czech Republic;2011;24,6
Czech Republic;2012;17,4
Czech Republic;2013;31,4
Czech Republic;2014;26,0
Czech Republic;2015;15,4
Czech Republic;2016;19,5
Czech Republic;2017;17,2
Czech Republic;2018;
Czech Republic;2019;
Denmark;1999;61,9
Denmark;2000;54,6
Denmark;2001;70,9
Denmark;2002;81,1
Denmark;2003;96,2
Denmark;2004;100,5
Denmark;2005;130,8
Denmark;2006;139,3
Denmark;2007;169,6
Denmark;2008;201,7
Denmark;2009;200,0
Denmark;2010;233,1
Denmark;2011;259,2
Denmark;2012;213,0
Denmark;2013;213,3
Denmark;2014;213,7
Denmark;2015;236,7
Denmark;2016;276,4
Denmark;2017;120,4
Denmark;2018;
Denmark;2019;
Estonia;1999;0,0
Estonia;2000;1,2
Estonia;2001;0,0
Estonia;2002;0,0
Estonia;2003;2,6
Estonia;2004;3,0
Estonia;2005;1,0
Estonia;2006;0,0
Estonia;2007;3,4
Estonia;2008;3,5
Estonia;2009;4,0
Estonia;2010;8,0
Estonia;2011;3,6
Estonia;2012;2,3
Estonia;2013;2,5
Estonia;2014;5,3
Estonia;2015;2,2
Estonia;2016;7,0
Estonia;2017;5,0
Estonia;2018;
Estonia;2019;
Finland;1999;65,0
Finland;2000;43,1
Finland;2001;77,0
Finland;2002;69,5
Finland;2003;80,4
Finland;2004;77,3
Finland;2005;99,4
Finland;2006;94,3
Finland;2007;115,7
Finland;2008;119,9
Finland;2009;142,7
Finland;2010;183,4
Finland;2011;212,1
Finland;2012;201,5
Finland;2013;190,5
Finland;2014;173,5
Finland;2015;150,4
Finland;2016;167,0
Finland;2017;114,3
Finland;2018;
Finland;2019;
France;1999;258,3
France;2000;265,6
France;2001;246,9
France;2002;311,3
France;2003;374,2
France;2004;415,2
France;2005;474,2
France;2006;589,3
France;2007;724,5
France;2008;821,0
France;2009;920,3
France;2010;915,6
France;2011;1.079,0
France;2012;1.084,5
France;2013;1.044,1
France;2014;1.048,4
France;2015;969,6
France;2016;797,1
France;2017;386,6
France;2018;
France;2019;
Germany;1999;1.120,0
Germany;2000;1.195,0
Germany;2001;1.206,7
Germany;2002;1.197,5
Germany;2003;1.233,3
Germany;2004;1.301,4
Germany;2005;1.494,0
Germany;2006;1.764,1
Germany;2007;2.088,4
Germany;2008;2.158,0
Germany;2009;2.410,4
Germany;2010;2.737,3
Germany;2011;2.809,9
Germany;2012;2.566,8
Germany;2013;2.278,8
Germany;2014;2.171,1
Germany;2015;1.989,9
Germany;2016;2.061,2
Germany;2017;1.050,1
Germany;2018;
Germany;2019;
Greece;1999;3,3
Greece;2000;4,3
Greece;2001;7,3
Greece;2002;6,7
Greece;2003;8,4
Greece;2004;2,5
Greece;2005;18,3
Greece;2006;18,8
Greece;2007;19,4
Greece;2008;9,7
Greece;2009;14,5
Greece;2010;17,5
Greece;2011;17,0
Greece;2012;10,3
Greece;2013;17,2
Greece;2014;15,7
Greece;2015;9,0
Greece;2016;14,2
Greece;2017;6,1
Greece;2018;
Greece;2019;
Hungary;1999;5,0
Hungary;2000;6,6
Hungary;2001;16,2
Hungary;2002;21,3
Hungary;2003;11,8
Hungary;2004;12,9
Hungary;2005;16,5
Hungary;2006;14,2
Hungary;2007;34,4
Hungary;2008;24,9
Hungary;2009;24,7
Hungary;2010;25,6
Hungary;2011;22,3
Hungary;2012;24,4
Hungary;2013;15,0
Hungary;2014;19,2
Hungary;2015;24,3
Hungary;2016;18,4
Hungary;2017;6,7
Hungary;2018;
Hungary;2019;
Iceland;1999;1,0
Iceland;2000;4,0
Iceland;2001;0,0
Iceland;2002;1,0
Iceland;2003;1,5
Iceland;2004;1,0
Iceland;2005;0,2
Iceland;2006;1,5
Iceland;2007;1,0
Iceland;2008;0,0
Iceland;2009;2,6
Iceland;2010;2,0
Iceland;2011;2,0
Iceland;2012;1,0
Iceland;2013;1,0
Iceland;2014;3,5
Iceland;2015;3,0
Iceland;2016;3,3
Iceland;2017;2,0
Iceland;2018;
Iceland;2019;
Ireland;1999;10,5
Ireland;2000;9,5
Ireland;2001;6,0
Ireland;2002;8,3
Ireland;2003;9,0
Ireland;2004;17,8
Ireland;2005;14,7
Ireland;2006;13,7
Ireland;2007;24,4
Ireland;2008;42,3
Ireland;2009;23,7
Ireland;2010;27,5
Ireland;2011;32,2
Ireland;2012;28,4
Ireland;2013;33,4
Ireland;2014;24,2
Ireland;2015;28,6
Ireland;2016;29,1
Ireland;2017;5,3
Ireland;2018;
Ireland;2019;
Israel;1999;42,2
Israel;2000;33,9
Israel;2001;53,3
Israel;2002;46,4
Israel;2003;43,4
Israel;2004;71,3
Israel;2005;85,3
Israel;2006;112,9
Israel;2007;141,3
Israel;2008;159,6
Israel;2009;147,7
Israel;2010;157,1
Israel;2011;151,2
Israel;2012;158,7
Israel;2013;129,1
Israel;2014;120,6
Israel;2015;120,7
Israel;2016;123,6
Israel;2017;61,2
Israel;2018;
Israel;2019;
Italy;1999;84,8
Italy;2000;90,4
Italy;2001;142,7
Italy;2002;126,6
Italy;2003;159,1
Italy;2004;143,2
Italy;2005;178,2
Italy;2006;214,7
Italy;2007;320,2
Italy;2008;281,8
Italy;2009;362,6
Italy;2010;323,4
Italy;2011;344,6
Italy;2012;354,0
Italy;2013;353,4
Italy;2014;319,9
Italy;2015;324,1
Italy;2016;326,1
Italy;2017;177,6
Italy;2018;
Italy;2019;
Japan;1999;539,0
Japan;2000;772,7
Japan;2001;920,0
Japan;2002;1.059,7
Japan;2003;1.313,7
Japan;2004;1.750,9
Japan;2005;2.035,2
Japan;2006;2.319,5
Japan;2007;2.719,6
Japan;2008;2.794,1
Japan;2009;3.708,4
Japan;2010;5.152,2
Japan;2011;6.080,3
Japan;2012;5.583,0
Japan;2013;4.969,9
Japan;2014;4.239,0
Japan;2015;3.585,8
Japan;2016;3.248,7
Japan;2017;1.700,9
Japan;2018;
Japan;2019;
Korea;1999;83,6
Korea;2000;121,4
Korea;2001;105,0
Korea;2002;146,6
Korea;2003;194,5
Korea;2004;244,3
Korea;2005;314,8
Korea;2006;398,7
Korea;2007;468,0
Korea;2008;554,4
Korea;2009;897,1
Korea;2010;1.086,4
Korea;2011;1.282,8
Korea;2012;1.201,1
Korea;2013;1.129,6
Korea;2014;1.115,7
Korea;2015;1.232,2
Korea;2016;1.294,2
Korea;2017;675,9
Korea;2018;
Korea;2019;
Latvia;1999;0,0
Latvia;2000;1,5
Latvia;2001;2,2
Latvia;2002;0,0
Latvia;2003;0,3
Latvia;2004;1,0
Latvia;2005;0,0
Latvia;2006;1,0
Latvia;2007;1,0
Latvia;2008;1,0
Latvia;2009;3,0
Latvia;2010;0,0
Latvia;2011;0,0
Latvia;2012;5,0
Latvia;2013;3,7
Latvia;2014;2,0
Latvia;2015;1,0
Latvia;2016;0,0
Latvia;2017;1,5
Latvia;2018;
Latvia;2019;
Lithuania;1999;0,0
Lithuania;2000;1,7
Lithuania;2001;1,0
Lithuania;2002;2,0
Lithuania;2003;0,0
Lithuania;2004;1,7
Lithuania;2005;3,0
Lithuania;2006;1,6
Lithuania;2007;1,0
Lithuania;2008;8,5
Lithuania;2009;2,0
Lithuania;2010;7,5
Lithuania;2011;0,8
Lithuania;2012;4,6
Lithuania;2013;4,7
Lithuania;2014;4,4
Lithuania;2015;4,8
Lithuania;2016;1,9
Lithuania;2017;3,7
Lithuania;2018;
Lithuania;2019;
Luxembourg;1999;5,2
Luxembourg;2000;5,7
Luxembourg;2001;0,0
Luxembourg;2002;3,6
Luxembourg;2003;1,1
Luxembourg;2004;4,0
Luxembourg;2005;2,2
Luxembourg;2006;10,4
Luxembourg;2007;2,6
Luxembourg;2008;6,3
Luxembourg;2009;8,1
Luxembourg;2010;7,6
Luxembourg;2011;18,1
Luxembourg;2012;13,6
Luxembourg;2013;7,9
Luxembourg;2014;12,0
Luxembourg;2015;8,0
Luxembourg;2016;7,6
Luxembourg;2017;4,3
Luxembourg;2018;
Luxembourg;2019;
Mexico;1999;9,0
Mexico;2000;6,5
Mexico;2001;10,5
Mexico;2002;6,7
Mexico;2003;13,9
Mexico;2004;11,8
Mexico;2005;25,3
Mexico;2006;20,7
Mexico;2007;26,9
Mexico;2008;38,4
Mexico;2009;15,8
Mexico;2010;35,8
Mexico;2011;43,0
Mexico;2012;34,6
Mexico;2013;28,3
Mexico;2014;48,3
Mexico;2015;33,1
Mexico;2016;26,6
Mexico;2017;28,3
Mexico;2018;
Mexico;2019;
Netherlands;1999;119,6
Netherlands;2000;125,2
Netherlands;2001;146,0
Netherlands;2002;124,7
Netherlands;2003;128,4
Netherlands;2004;134,4
Netherlands;2005;163,0
Netherlands;2006;197,6
Netherlands;2007;270,1
Netherlands;2008;278,7
Netherlands;2009;335,9
Netherlands;2010;316,1
Netherlands;2011;361,2
Netherlands;2012;335,5
Netherlands;2013;310,4
Netherlands;2014;308,2
Netherlands;2015;309,8
Netherlands;2016;279,3
Netherlands;2017;118,3
Netherlands;2018;
Netherlands;2019;
New Zealand;1999;13,0
New Zealand;2000;11,6
New Zealand;2001;21,6
New Zealand;2002;16,5
New Zealand;2003;21,3
New Zealand;2004;23,4
New Zealand;2005;23,1
New Zealand;2006;34,3
New Zealand;2007;37,1
New Zealand;2008;41,5
New Zealand;2009;43,8
New Zealand;2010;37,3
New Zealand;2011;45,8
New Zealand;2012;36,3
New Zealand;2013;29,4
New Zealand;2014;45,6
New Zealand;2015;18,8
New Zealand;2016;16,8
New Zealand;2017;13,7
New Zealand;2018;
New Zealand;2019;
Norway;1999;36,6
Norway;2000;50,3
Norway;2001;51,9
Norway;2002;48,9
Norway;2003;47,2
Norway;2004;51,3
Norway;2005;65,3
Norway;2006;74,3
Norway;2007;95,6
Norway;2008;90,8
Norway;2009;114,0
Norway;2010;111,4
Norway;2011;91,3
Norway;2012;93,9
Norway;2013;77,0
Norway;2014;60,3
Norway;2015;71,0
Norway;2016;72,7
Norway;2017;51,4
Norway;2018;
Norway;2019;
Poland;1999;6,1
Poland;2000;6,6
Poland;2001;14,8
Poland;2002;12,8
Poland;2003;6,8
Poland;2004;12,9
Poland;2005;9,9
Poland;2006;7,8
Poland;2007;15,2
Poland;2008;32,2
Poland;2009;37,7
Poland;2010;29,0
Poland;2011;32,2
Poland;2012;58,4
Poland;2013;40,1
Poland;2014;53,5
Poland;2015;68,3
Poland;2016;35,2
Poland;2017;31,4
Poland;2018;
Poland;2019;
Portugal;1999;4,6
Portugal;2000;3,2
Portugal;2001;6,3
Portugal;2002;1,0
Portugal;2003;3,2
Portugal;2004;1,0
Portugal;2005;12,1
Portugal;2006;13,3
Portugal;2007;20,9
Portugal;2008;25,7
Portugal;2009;17,8
Portugal;2010;21,8
Portugal;2011;16,2
Portugal;2012;18,9
Portugal;2013;12,8
Portugal;2014;12,6
Portugal;2015;26,8
Portugal;2016;22,9
Portugal;2017;7,0
Portugal;2018;
Portugal;2019;
Slovak Republic;1999;1,0
Slovak Republic;2000;5,0
Slovak Republic;2001;2,8
Slovak Republic;2002;1,0
Slovak Republic;2003;5,1
Slovak Republic;2004;6,0
Slovak Republic;2005;2,1
Slovak Republic;2006;4,5
Slovak Republic;2007;4,5
Slovak Republic;2008;2,9
Slovak Republic;2009;5,0
Slovak Republic;2010;7,7
Slovak Republic;2011;6,8
Slovak Republic;2012;8,3
Slovak Republic;2013;7,5
Slovak Republic;2014;5,2
Slovak Republic;2015;12,0
Slovak Republic;2016;13,2
Slovak Republic;2017;3,5
Slovak Republic;2018;
Slovak Republic;2019;
Slovenia;1999;2,0
Slovenia;2000;1,5
Slovenia;2001;4,0
Slovenia;2002;1,0
Slovenia;2003;3,3
Slovenia;2004;1,8
Slovenia;2005;7,4
Slovenia;2006;4,4
Slovenia;2007;1,3
Slovenia;2008;5,3
Slovenia;2009;8,3
Slovenia;2010;9,9
Slovenia;2011;14,5
Slovenia;2012;12,5
Slovenia;2013;16,0
Slovenia;2014;20,1
Slovenia;2015;7,1
Slovenia;2016;7,2
Slovenia;2017;10,0
Slovenia;2018;
Slovenia;2019;
Spain;1999;47,2
Spain;2000;38,1
Spain;2001;50,3
Spain;2002;32,3
Spain;2003;52,6
Spain;2004;77,9
Spain;2005;108,1
Spain;2006;157,3
Spain;2007;181,8
Spain;2008;193,7
Spain;2009;250,2
Spain;2010;257,0
Spain;2011;256,6
Spain;2012;232,2
Spain;2013;246,9
Spain;2014;222,0
Spain;2015;191,7
Spain;2016;157,9
Spain;2017;113,8
Spain;2018;
Spain;2019;
Sweden;1999;131,7
Sweden;2000;133,0
Sweden;2001;143,4
Sweden;2002;127,8
Sweden;2003;127,2
Sweden;2004;147,0
Sweden;2005;147,2
Sweden;2006;177,0
Sweden;2007;229,9
Sweden;2008;234,1
Sweden;2009;277,9
Sweden;2010;303,9
Sweden;2011;268,8
Sweden;2012;338,8
Sweden;2013;329,7
Sweden;2014;343,5
Sweden;2015;274,2
Sweden;2016;284,7
Sweden;2017;167,2
Sweden;2018;
Sweden;2019;
Switzerland;1999;58,8
Switzerland;2000;64,6
Switzerland;2001;72,2
Switzerland;2002;78,8
Switzerland;2003;73,2
Switzerland;2004;97,9
Switzerland;2005;110,1
Switzerland;2006;119,2
Switzerland;2007;138,0
Switzerland;2008;190,0
Switzerland;2009;199,1
Switzerland;2010;192,3
Switzerland;2011;197,0
Switzerland;2012;204,0
Switzerland;2013;151,4
Switzerland;2014;169,8
Switzerland;2015;147,3
Switzerland;2016;154,6
Switzerland;2017;81,9
Switzerland;2018;
Switzerland;2019;
Turkey;1999;4,3
Turkey;2000;8,0
Turkey;2001;4,1
Turkey;2002;6,3
Turkey;2003;5,4
Turkey;2004;14,2
Turkey;2005;24,0
Turkey;2006;17,3
Turkey;2007;19,5
Turkey;2008;26,8
Turkey;2009;22,2
Turkey;2010;31,5
Turkey;2011;35,4
Turkey;2012;30,3
Turkey;2013;55,7
Turkey;2014;78,7
Turkey;2015;81,1
Turkey;2016;89,3
Turkey;2017;46,0
Turkey;2018;
Turkey;2019;
United Kingdom;1999;293,2
United Kingdom;2000;288,6
United Kingdom;2001;307,4
United Kingdom;2002;301,6
United Kingdom;2003;306,3
United Kingdom;2004;352,6
United Kingdom;2005;360,5
United Kingdom;2006;455,6
United Kingdom;2007;528,5
United Kingdom;2008;556,7
United Kingdom;2009;591,1
United Kingdom;2010;639,9
United Kingdom;2011;662,0
United Kingdom;2012;712,7
United Kingdom;2013;697,7
United Kingdom;2014;594,1
United Kingdom;2015;624,0
United Kingdom;2016;572,4
United Kingdom;2017;318,8
United Kingdom;2018;
United Kingdom;2019;
United States;1999;1.518,1
United States;2000;1.866,8
United States;2001;1.929,1
United States;2002;2.048,9
United States;2003;2.071,8
United States;2004;2.409,3
United States;2005;2.748,5
United States;2006;3.170,2
United States;2007;3.574,4
United States;2008;3.686,7
United States;2009;4.058,3
United States;2010;4.366,0
United States;2011;4.474,7
United States;2012;4.862,6
United States;2013;5.062,6
United States;2014;3.827,5
United States;2015;3.631,7
United States;2016;3.446,9
United States;2017;1.849,5
United States;2018;
United States;2019;
European Union;1999;
European Union;2000;
European Union;2001;
European Union;2002;
European Union;2003;
European Union;2004;
European Union;2005;
European Union;2006;
European Union;2007;
European Union;2008;
European Union;2009;
European Union;2010;
European Union;2011;
European Union;2012;
European Union;2013;
European Union;2014;
European Union;2015;
European Union;2016;
European Union;2017;
European Union;2018;
European Union;2019;
OECD ;1999;4.896,1
OECD ;2000;5.675,5
OECD ;2001;6.084,5
OECD ;2002;6.374,0
OECD ;2003;6.889,4
OECD ;2004;8.098,4
OECD ;2005;9.283,1
OECD ;2006;10.841,8
OECD ;2007;12.756,8
OECD ;2008;13.381,4
OECD ;2009;15.713,4
OECD ;2010;18.235,2
OECD ;2011;19.804,5
OECD ;2012;19.345,7
OECD ;2013;18.313,5
OECD ;2014;16.127,8
OECD ;2015;14.984,5
OECD ;2016;14.343,9
OECD ;2017;7.646,9
OECD ;2018;
OECD ;2019;
World;1999;5.084,0
World;2000;5.908,0
World;2001;6.364,0
World;2002;6.690,0
World;2003;7.299,0
World;2004;8.594,0
World;2005;9.951,0
World;2006;11.648,0
World;2007;13.635,0
World;2008;14.319,0
World;2009;16.863,0
World;2010;19.917,0
World;2011;21.660,0
World;2012;21.262,0
World;2013;20.437,0
World;2014;18.507,0
World;2015;17.449,0
World;2016;17.317,0
World;2017;10.138,0
World;2018;
World;2019;
Algeria;1999;0,0
Algeria;2000;0,0
Algeria;2001;0,0
Algeria;2002;1,0
Algeria;2003;2,0
Algeria;2004;1,0
Algeria;2005;0,0
Algeria;2006;2,2
Algeria;2007;2,3
Algeria;2008;1,0
Algeria;2009;0,3
Algeria;2010;0,0
Algeria;2011;1,3
Algeria;2012;1,5
Algeria;2013;1,0
Algeria;2014;0,5
Algeria;2015;4,0
Algeria;2016;2,5
Algeria;2017;0,0
Algeria;2018;
Algeria;2019;
Andorra;1999;0,0
Andorra;2000;0,0
Andorra;2001;0,0
Andorra;2002;0,0
Andorra;2003;0,0
Andorra;2004;0,0
Andorra;2005;1,0
Andorra;2006;0,0
Andorra;2007;0,0
Andorra;2008;0,0
Andorra;2009;0,0
Andorra;2010;0,0
Andorra;2011;2,0
Andorra;2012;0,0
Andorra;2013;0,0
Andorra;2014;0,0
Andorra;2015;0,5
Andorra;2016;0,0
Andorra;2017;1,5
Andorra;2018;
Andorra;2019;
Argentina;1999;0,3
Argentina;2000;0,0
Argentina;2001;0,7
Argentina;2002;0,0
Argentina;2003;1,8
Argentina;2004;0,0
Argentina;2005;5,8
Argentina;2006;7,0
Argentina;2007;4,4
Argentina;2008;4,3
Argentina;2009;3,0
Argentina;2010;6,5
Argentina;2011;1,0
Argentina;2012;12,6
Argentina;2013;1,5
Argentina;2014;4,3
Argentina;2015;4,3
Argentina;2016;6,3
Argentina;2017;2,3
Argentina;2018;
Argentina;2019;
Armenia;1999;0,0
Armenia;2000;0,0
Armenia;2001;0,0
Armenia;2002;1,0
Armenia;2003;0,0
Armenia;2004;1,7
Armenia;2005;0,7
Armenia;2006;0,0
Armenia;2007;0,0
Armenia;2008;0,0
Armenia;2009;2,0
Armenia;2010;0,0
Armenia;2011;1,3
Armenia;2012;2,2
Armenia;2013;2,6
Armenia;2014;0,1
Armenia;2015;3,0
Armenia;2016;1,0
Armenia;2017;0,0
Armenia;2018;
Armenia;2019;
Belarus;1999;0,0
Belarus;2000;2,1
Belarus;2001;1,8
Belarus;2002;0,5
Belarus;2003;1,0
Belarus;2004;4,2
Belarus;2005;2,0
Belarus;2006;0,0
Belarus;2007;2,1
Belarus;2008;5,0
Belarus;2009;1,3
Belarus;2010;3,5
Belarus;2011;2,7
Belarus;2012;1,0
Belarus;2013;3,0
Belarus;2014;2,0
Belarus;2015;0,0
Belarus;2016;1,3
Belarus;2017;3,0
Belarus;2018;
Belarus;2019;
Bermuda;1999;0,0
Bermuda;2000;0,0
Bermuda;2001;0,0
Bermuda;2002;0,0
Bermuda;2003;0,0
Bermuda;2004;0,0
Bermuda;2005;0,0
Bermuda;2006;0,0
Bermuda;2007;0,0
Bermuda;2008;1,0
Bermuda;2009;1,0
Bermuda;2010;0,0
Bermuda;2011;0,0
Bermuda;2012;0,0
Bermuda;2013;0,0
Bermuda;2014;0,0
Bermuda;2015;0,0
Bermuda;2016;0,0
Bermuda;2017;0,0
Bermuda;2018;
Bermuda;2019;
Bosnia and Herzegovina;1999;0,0
Bosnia and Herzegovina;2000;0,0
Bosnia and Herzegovina;2001;0,0
Bosnia and Herzegovina;2002;1,0
Bosnia and Herzegovina;2003;1,0
Bosnia and Herzegovina;2004;0,0
Bosnia and Herzegovina;2005;1,0
Bosnia and Herzegovina;2006;3,5
Bosnia and Herzegovina;2007;0,8
Bosnia and Herzegovina;2008;1,0
Bosnia and Herzegovina;2009;1,0
Bosnia and Herzegovina;2010;1,0
Bosnia and Herzegovina;2011;2,0
Bosnia and Herzegovina;2012;3,0
Bosnia and Herzegovina;2013;3,0
Bosnia and Herzegovina;2014;1,0
Bosnia and Herzegovina;2015;0,0
Bosnia and Herzegovina;2016;0,5
Bosnia and Herzegovina;2017;0,0
Bosnia and Herzegovina;2018;
Bosnia and Herzegovina;2019;
Brazil;1999;13,8
Brazil;2000;11,3
Brazil;2001;12,4
Brazil;2002;9,7
Brazil;2003;24,6
Brazil;2004;26,5
Brazil;2005;30,4
Brazil;2006;60,0
Brazil;2007;71,7
Brazil;2008;62,2
Brazil;2009;52,3
Brazil;2010;79,5
Brazil;2011;72,9
Brazil;2012;80,2
Brazil;2013;77,8
Brazil;2014;75,3
Brazil;2015;79,9
Brazil;2016;82,8
Brazil;2017;62,7
Brazil;2018;
Brazil;2019;
Bulgaria;1999;4,0
Bulgaria;2000;2,8
Bulgaria;2001;2,1
Bulgaria;2002;6,0
Bulgaria;2003;2,0
Bulgaria;2004;2,0
Bulgaria;2005;5,0
Bulgaria;2006;1,0
Bulgaria;2007;4,7
Bulgaria;2008;9,7
Bulgaria;2009;5,0
Bulgaria;2010;3,0
Bulgaria;2011;9,4
Bulgaria;2012;4,1
Bulgaria;2013;8,9
Bulgaria;2014;11,8
Bulgaria;2015;15,1
Bulgaria;2016;6,9
Bulgaria;2017;5,0
Bulgaria;2018;
Bulgaria;2019;
Cayman Islands;1999;0,0
Cayman Islands;2000;0,0
Cayman Islands;2001;0,0
Cayman Islands;2002;0,0
Cayman Islands;2003;1,0
Cayman Islands;2004;0,0
Cayman Islands;2005;0,5
Cayman Islands;2006;0,0
Cayman Islands;2007;0,0
Cayman Islands;2008;0,0
Cayman Islands;2009;0,0
Cayman Islands;2010;0,0
Cayman Islands;2011;2,0
Cayman Islands;2012;1,0
Cayman Islands;2013;0,0
Cayman Islands;2014;0,0
Cayman Islands;2015;0,0
Cayman Islands;2016;0,0
Cayman Islands;2017;0,0
Cayman Islands;2018;
Cayman Islands;2019;
China (People's Republic of);1999;28,1
China (People's Republic of);2000;38,1
China (People's Republic of);2001;56,0
China (People's Republic of);2002;57,4
China (People's Republic of);2003;66,3
China (People's Republic of);2004;108,9
China (People's Republic of);2005;177,8
China (People's Republic of);2006;259,4
China (People's Republic of);2007;350,4
China (People's Republic of);2008;372,7
China (People's Republic of);2009;521,6
China (People's Republic of);2010;948,7
China (People's Republic of);2011;1.031,5
China (People's Republic of);2012;1.073,5
China (People's Republic of);2013;1.220,1
China (People's Republic of);2014;1.233,8
China (People's Republic of);2015;1.359,3
China (People's Republic of);2016;1.958,5
China (People's Republic of);2017;1.697,5
China (People's Republic of);2018;
China (People's Republic of);2019;
Chinese Taipei;1999;1,0
Chinese Taipei;2000;0,0
Chinese Taipei;2001;0,0
Chinese Taipei;2002;0,0
Chinese Taipei;2003;1,0
Chinese Taipei;2004;2,0
Chinese Taipei;2005;2,5
Chinese Taipei;2006;0,0
Chinese Taipei;2007;2,0
Chinese Taipei;2008;2,2
Chinese Taipei;2009;1,0
Chinese Taipei;2010;1,0
Chinese Taipei;2011;0,0
Chinese Taipei;2012;0,1
Chinese Taipei;2013;1,0
Chinese Taipei;2014;1,3
Chinese Taipei;2015;0,0
Chinese Taipei;2016;1,3
Chinese Taipei;2017;4,3
Chinese Taipei;2018;
Chinese Taipei;2019;
Costa Rica;1999;4,5
Costa Rica;2000;5,7
Costa Rica;2001;7,0
Costa Rica;2002;8,0
Costa Rica;2003;5,0
Costa Rica;2004;2,0
Costa Rica;2005;3,0
Costa Rica;2006;1,5
Costa Rica;2007;6,0
Costa Rica;2008;6,0
Costa Rica;2009;5,0
Costa Rica;2010;8,0
Costa Rica;2011;8,8
Costa Rica;2012;7,0
Costa Rica;2013;4,2
Costa Rica;2014;1,5
Costa Rica;2015;3,5
Costa Rica;2016;5,5
Costa Rica;2017;2,0
Costa Rica;2018;
Costa Rica;2019;
Croatia;1999;0,0
Croatia;2000;0,0
Croatia;2001;0,0
Croatia;2002;0,0
Croatia;2003;1,0
Croatia;2004;0,0
Croatia;2005;0,3
Croatia;2006;3,0
Croatia;2007;0,0
Croatia;2008;0,0
Croatia;2009;0,0
Croatia;2010;0,0
Croatia;2011;0,0
Croatia;2012;0,1
Croatia;2013;0,0
Croatia;2014;0,0
Croatia;2015;0,0
Croatia;2016;0,0
Croatia;2017;0,2
Croatia;2018;
Croatia;2019;
Cuba;1999;0,0
Cuba;2000;1,2
Cuba;2001;2,0
Cuba;2002;0,9
Cuba;2003;0,3
Cuba;2004;0,0
Cuba;2005;3,3
Cuba;2006;0,3
Cuba;2007;2,5
Cuba;2008;3,5
Cuba;2009;1,5
Cuba;2010;0,7
Cuba;2011;0,0
Cuba;2012;0,0
Cuba;2013;0,0
Cuba;2014;1,1
Cuba;2015;1,0
Cuba;2016;0,0
Cuba;2017;1,0
Cuba;2018;
Cuba;2019;
Cyprus;1999;0,0
Cyprus;2000;0,0
Cyprus;2001;0,0
Cyprus;2002;0,0
Cyprus;2003;0,0
Cyprus;2004;0,0
Cyprus;2005;0,0
Cyprus;2006;0,0
Cyprus;2007;0,0
Cyprus;2008;0,0
Cyprus;2009;0,0
Cyprus;2010;0,0
Cyprus;2011;0,3
Cyprus;2012;0,0
Cyprus;2013;0,0
Cyprus;2014;0,0
Cyprus;2015;0,0
Cyprus;2016;0,0
Cyprus;2017;0,0
Cyprus;2018;
Cyprus;2019;
Democratic People's Republic of Korea;1999;1,0
Democratic People's Republic of Korea;2000;0,0
Democratic People's Republic of Korea;2001;0,0
Democratic People's Republic of Korea;2002;0,0
Democratic People's Republic of Korea;2003;0,0
Democratic People's Republic of Korea;2004;1,0
Democratic People's Republic of Korea;2005;0,0
Democratic People's Republic of Korea;2006;1,0
Democratic People's Republic of Korea;2007;2,2
Democratic People's Republic of Korea;2008;0,0
Democratic People's Republic of Korea;2009;0,0
Democratic People's Republic of Korea;2010;1,0
Democratic People's Republic of Korea;2011;0,5
Democratic People's Republic of Korea;2012;2,0
Democratic People's Republic of Korea;2013;2,0
Democratic People's Republic of Korea;2014;1,0
Democratic People's Republic of Korea;2015;2,0
Democratic People's Republic of Korea;2016;1,3
Democratic People's Republic of Korea;2017;1,0
Democratic People's Republic of Korea;2018;
Democratic People's Republic of Korea;2019;
Djibouti;1999;1,0
Djibouti;2000;0,2
Djibouti;2001;0,0
Djibouti;2002;0,0
Djibouti;2003;4,0
Djibouti;2004;4,0
Djibouti;2005;3,3
Djibouti;2006;4,5
Djibouti;2007;7,0
Djibouti;2008;4,0
Djibouti;2009;5,5
Djibouti;2010;5,0
Djibouti;2011;4,8
Djibouti;2012;9,3
Djibouti;2013;10,0
Djibouti;2014;12,0
Djibouti;2015;9,5
Djibouti;2016;3,0
Djibouti;2017;0,0
Djibouti;2018;
Djibouti;2019;
Ecuador;1999;0,0
Ecuador;2000;0,0
Ecuador;2001;0,0
Ecuador;2002;0,0
Ecuador;2003;0,0
Ecuador;2004;0,0
Ecuador;2005;0,0
Ecuador;2006;0,0
Ecuador;2007;0,0
Ecuador;2008;1,0
Ecuador;2009;0,0
Ecuador;2010;0,0
Ecuador;2011;0,0
Ecuador;2012;0,0
Ecuador;2013;0,2
Ecuador;2014;0,0
Ecuador;2015;1,0
Ecuador;2016;0,0
Ecuador;2017;0,0
Ecuador;2018;
Ecuador;2019;
Egypt;1999;2,0
Egypt;2000;0,0
Egypt;2001;1,2
Egypt;2002;1,3
Egypt;2003;0,0
Egypt;2004;0,1
Egypt;2005;0,7
Egypt;2006;5,0
Egypt;2007;1,3
Egypt;2008;1,0
Egypt;2009;1,0
Egypt;2010;1,0
Egypt;2011;0,5
Egypt;2012;2,6
Egypt;2013;0,0
Egypt;2014;0,0
Egypt;2015;2,0
Egypt;2016;2,6
Egypt;2017;0,0
Egypt;2018;
Egypt;2019;
El Salvador;1999;0,0
El Salvador;2000;0,0
El Salvador;2001;1,0
El Salvador;2002;0,0
El Salvador;2003;0,0
El Salvador;2004;0,3
El Salvador;2005;0,0
El Salvador;2006;0,0
El Salvador;2007;0,0
El Salvador;2008;0,0
El Salvador;2009;1,0
El Salvador;2010;0,0
El Salvador;2011;1,0
El Salvador;2012;0,0
El Salvador;2013;0,0
El Salvador;2014;0,0
El Salvador;2015;0,0
El Salvador;2016;0,0
El Salvador;2017;0,0
El Salvador;2018;
El Salvador;2019;
Georgia;1999;1,2
Georgia;2000;6,3
Georgia;2001;8,0
Georgia;2002;11,7
Georgia;2003;6,3
Georgia;2004;7,5
Georgia;2005;19,0
Georgia;2006;28,4
Georgia;2007;22,1
Georgia;2008;22,2
Georgia;2009;34,0
Georgia;2010;34,5
Georgia;2011;34,7
Georgia;2012;37,3
Georgia;2013;38,6
Georgia;2014;45,6
Georgia;2015;33,7
Georgia;2016;82,5
Georgia;2017;37,0
Georgia;2018;
Georgia;2019;
Guatemala;1999;13,2
Guatemala;2000;12,0
Guatemala;2001;27,9
Guatemala;2002;52,3
Guatemala;2003;60,6
Guatemala;2004;39,7
Guatemala;2005;62,6
Guatemala;2006;67,8
Guatemala;2007;83,8
Guatemala;2008;106,8
Guatemala;2009;136,7
Guatemala;2010;178,1
Guatemala;2011;194,1
Guatemala;2012;189,8
Guatemala;2013;213,6
Guatemala;2014;176,9
Guatemala;2015;212,1
Guatemala;2016;218,0
Guatemala;2017;123,5
Guatemala;2018;
Guatemala;2019;
Hong Kong, China;1999;0,0
Hong Kong, China;2000;5,0
Hong Kong, China;2001;0,0
Hong Kong, China;2002;1,0
Hong Kong, China;2003;0,0
Hong Kong, China;2004;3,0
Hong Kong, China;2005;1,3
Hong Kong, China;2006;4,5
Hong Kong, China;2007;5,0
Hong Kong, China;2008;0,0
Hong Kong, China;2009;3,0
Hong Kong, China;2010;2,4
Hong Kong, China;2011;2,1
Hong Kong, China;2012;1,3
Hong Kong, China;2013;4,3
Hong Kong, China;2014;1,4
Hong Kong, China;2015;4,8
Hong Kong, China;2016;0,2
Hong Kong, China;2017;1,9
Hong Kong, China;2018;
Hong Kong, China;2019;
India;1999;0,0
India;2000;0,5
India;2001;0,0
India;2002;0,0
India;2003;0,3
India;2004;1,3
India;2005;0,0
India;2006;1,0
India;2007;0,0
India;2008;2,3
India;2009;0,0
India;2010;0,5
India;2011;0,3
India;2012;2,0
India;2013;1,3
India;2014;5,0
India;2015;11,5
India;2016;8,6
India;2017;14,0
India;2018;
India;2019;
Indonesia;1999;0,0
Indonesia;2000;0,0
Indonesia;2001;0,0
Indonesia;2002;0,0
Indonesia;2003;0,0
Indonesia;2004;0,5
Indonesia;2005;0,2
Indonesia;2006;0,1
Indonesia;2007;0,0
Indonesia;2008;0,0
Indonesia;2009;0,0
Indonesia;2010;0,0
Indonesia;2011;0,3
Indonesia;2012;0,0
Indonesia;2013;0,0
Indonesia;2014;0,0
Indonesia;2015;0,0
Indonesia;2016;0,0
Indonesia;2017;0,0
Indonesia;2018;
Indonesia;2019;
Iran;1999;0,0
Iran;2000;0,0
Iran;2001;0,0
Iran;2002;0,0
Iran;2003;0,0
Iran;2004;0,0
Iran;2005;0,0
Iran;2006;1,0
Iran;2007;1,0
Iran;2008;0,0
Iran;2009;0,5
Iran;2010;0,0
Iran;2011;1,0
Iran;2012;0,0
Iran;2013;1,5
Iran;2014;1,0
Iran;2015;0,0
Iran;2016;1,0
Iran;2017;0,5
Iran;2018;
Iran;2019;
Jamaica;1999;1,0
Jamaica;2000;0,0
Jamaica;2001;5,0
Jamaica;2002;2,3
Jamaica;2003;1,4
Jamaica;2004;0,0
Jamaica;2005;1,0
Jamaica;2006;8,4
Jamaica;2007;1,0
Jamaica;2008;3,0
Jamaica;2009;5,0
Jamaica;2010;3,2
Jamaica;2011;2,1
Jamaica;2012;5,0
Jamaica;2013;5,3
Jamaica;2014;1,0
Jamaica;2015;7,5
Jamaica;2016;5,5
Jamaica;2017;4,8
Jamaica;2018;
Jamaica;2019;
Jordan;1999;0,0
Jordan;2000;0,0
Jordan;2001;0,0
Jordan;2002;0,0
Jordan;2003;0,0
Jordan;2004;2,0
Jordan;2005;0,1
Jordan;2006;1,0
Jordan;2007;0,0
Jordan;2008;1,0
Jordan;2009;2,0
Jordan;2010;0,0
Jordan;2011;0,0
Jordan;2012;1,0
Jordan;2013;0,0
Jordan;2014;2,0
Jordan;2015;1,5
Jordan;2016;0,5
Jordan;2017;0,0
Jordan;2018;
Jordan;2019;
Kazakhstan;1999;0,0
Kazakhstan;2000;0,2
Kazakhstan;2001;0,0
Kazakhstan;2002;0,0
Kazakhstan;2003;1,0
Kazakhstan;2004;1,0
Kazakhstan;2005;0,0
Kazakhstan;2006;0,0
Kazakhstan;2007;0,0
Kazakhstan;2008;0,0
Kazakhstan;2009;3,0
Kazakhstan;2010;0,0
Kazakhstan;2011;0,0
Kazakhstan;2012;0,0
Kazakhstan;2013;0,0
Kazakhstan;2014;1,3
Kazakhstan;2015;0,0
Kazakhstan;2016;1,0
Kazakhstan;2017;0,0
Kazakhstan;2018;
Kazakhstan;2019;
Kenya;1999;0,0
Kenya;2000;0,0
Kenya;2001;0,0
Kenya;2002;0,0
Kenya;2003;0,0
Kenya;2004;0,0
Kenya;2005;1,0
Kenya;2006;0,0
Kenya;2007;4,0
Kenya;2008;0,0
Kenya;2009;0,0
Kenya;2010;1,3
Kenya;2011;0,0
Kenya;2012;1,2
Kenya;2013;0,0
Kenya;2014;0,0
Kenya;2015;1,0
Kenya;2016;2,0
Kenya;2017;2,3
Kenya;2018;
Kenya;2019;
Kuwait;1999;0,3
Kuwait;2000;1,0
Kuwait;2001;0,0
Kuwait;2002;0,0
Kuwait;2003;0,5
Kuwait;2004;1,8
Kuwait;2005;0,0
Kuwait;2006;1,0
Kuwait;2007;0,0
Kuwait;2008;0,3
Kuwait;2009;1,0
Kuwait;2010;1,5
Kuwait;2011;0,0
Kuwait;2012;0,3
Kuwait;2013;0,1
Kuwait;2014;3,7
Kuwait;2015;1,3
Kuwait;2016;0,9
Kuwait;2017;0,0
Kuwait;2018;
Kuwait;2019;
Lebanon;1999;0,0
Lebanon;2000;0,0
Lebanon;2001;1,0
Lebanon;2002;0,5
Lebanon;2003;2,0
Lebanon;2004;0,3
Lebanon;2005;1,8
Lebanon;2006;0,0
Lebanon;2007;0,5
Lebanon;2008;1,7
Lebanon;2009;1,8
Lebanon;2010;1,8
Lebanon;2011;1,0
Lebanon;2012;2,0
Lebanon;2013;2,3
Lebanon;2014;0,3
Lebanon;2015;0,8
Lebanon;2016;0,0
Lebanon;2017;1,0
Lebanon;2018;
Lebanon;2019;
Liechtenstein;1999;0,0
Liechtenstein;2000;3,3
Liechtenstein;2001;4,0
Liechtenstein;2002;2,0
Liechtenstein;2003;2,6
Liechtenstein;2004;4,1
Liechtenstein;2005;4,8
Liechtenstein;2006;9,7
Liechtenstein;2007;11,3
Liechtenstein;2008;27,9
Liechtenstein;2009;25,1
Liechtenstein;2010;21,7
Liechtenstein;2011;28,4
Liechtenstein;2012;26,6
Liechtenstein;2013;26,5
Liechtenstein;2014;23,3
Liechtenstein;2015;18,8
Liechtenstein;2016;19,8
Liechtenstein;2017;8,5
Liechtenstein;2018;
Liechtenstein;2019;
Malaysia;1999;0,0
Malaysia;2000;1,0
Malaysia;2001;0,0
Malaysia;2002;0,0
Malaysia;2003;0,0
Malaysia;2004;2,2
Malaysia;2005;0,0
Malaysia;2006;0,0
Malaysia;2007;0,0
Malaysia;2008;0,0
Malaysia;2009;0,0
Malaysia;2010;1,0
Malaysia;2011;0,0
Malaysia;2012;2,0
Malaysia;2013;2,0
Malaysia;2014;5,0
Malaysia;2015;5,5
Malaysia;2016;3,0
Malaysia;2017;0,5
Malaysia;2018;
Malaysia;2019;
Malta;1999;0,0
Malta;2000;0,0
Malta;2001;1,0
Malta;2002;1,3
Malta;2003;0,0
Malta;2004;0,0
Malta;2005;3,4
Malta;2006;0,5
Malta;2007;1,1
Malta;2008;1,3
Malta;2009;0,8
Malta;2010;0,0
Malta;2011;0,5
Malta;2012;0,3
Malta;2013;1,0
Malta;2014;0,0
Malta;2015;1,0
Malta;2016;2,0
Malta;2017;0,0
Malta;2018;
Malta;2019;
Moldova;1999;0,0
Moldova;2000;2,0
Moldova;2001;1,0
Moldova;2002;1,0
Moldova;2003;0,0
Moldova;2004;1,0
Moldova;2005;0,3
Moldova;2006;0,0
Moldova;2007;1,8
Moldova;2008;0,5
Moldova;2009;2,0
Moldova;2010;1,0
Moldova;2011;0,0
Moldova;2012;0,0
Moldova;2013;0,0
Moldova;2014;1,0
Moldova;2015;0,5
Moldova;2016;0,0
Moldova;2017;0,0
Moldova;2018;
Moldova;2019;
Monaco;1999;0,0
Monaco;2000;0,0
Monaco;2001;0,0
Monaco;2002;0,0
Monaco;2003;0,0
Monaco;2004;0,0
Monaco;2005;0,0
Monaco;2006;0,0
Monaco;2007;0,0
Monaco;2008;0,4
Monaco;2009;0,0
Monaco;2010;0,0
Monaco;2011;0,0
Monaco;2012;0,0
Monaco;2013;0,0
Monaco;2014;0,0
Monaco;2015;0,0
Monaco;2016;0,0
Monaco;2017;1,0
Monaco;2018;
Monaco;2019;
Mongolia;1999;0,0
Mongolia;2000;0,4
Mongolia;2001;1,0
Mongolia;2002;0,0
Mongolia;2003;2,0
Mongolia;2004;1,3
Mongolia;2005;2,1
Mongolia;2006;1,0
Mongolia;2007;3,5
Mongolia;2008;3,8
Mongolia;2009;6,8
Mongolia;2010;3,0
Mongolia;2011;7,9
Mongolia;2012;10,0
Mongolia;2013;13,3
Mongolia;2014;6,0
Mongolia;2015;8,6
Mongolia;2016;8,5
Mongolia;2017;6,0
Mongolia;2018;
Mongolia;2019;
Morocco;1999;1,0
Morocco;2000;0,0
Morocco;2001;0,0
Morocco;2002;3,0
Morocco;2003;0,0
Morocco;2004;0,0
Morocco;2005;0,0
Morocco;2006;0,0
Morocco;2007;1,0
Morocco;2008;1,0
Morocco;2009;0,0
Morocco;2010;0,0
Morocco;2011;0,0
Morocco;2012;0,0
Morocco;2013;0,0
Morocco;2014;0,0
Morocco;2015;0,8
Morocco;2016;0,0
Morocco;2017;0,0
Morocco;2018;
Morocco;2019;
Nigeria;1999;0,0
Nigeria;2000;0,0
Nigeria;2001;0,0
Nigeria;2002;0,0
Nigeria;2003;0,0
Nigeria;2004;0,0
Nigeria;2005;0,5
Nigeria;2006;0,0
Nigeria;2007;0,0
Nigeria;2008;0,0
Nigeria;2009;1,0
Nigeria;2010;0,0
Nigeria;2011;0,0
Nigeria;2012;0,0
Nigeria;2013;1,0
Nigeria;2014;0,0
Nigeria;2015;0,5
Nigeria;2016;1,1
Nigeria;2017;0,0
Nigeria;2018;
Nigeria;2019;
North Macedonia;1999;0,0
North Macedonia;2000;0,0
North Macedonia;2001;0,0
North Macedonia;2002;0,0
North Macedonia;2003;0,0
North Macedonia;2004;0,0
North Macedonia;2005;0,0
North Macedonia;2006;0,0
North Macedonia;2007;0,0
North Macedonia;2008;0,0
North Macedonia;2009;1,3
North Macedonia;2010;0,0
North Macedonia;2011;0,5
North Macedonia;2012;1,3
North Macedonia;2013;0,3
North Macedonia;2014;0,6
North Macedonia;2015;0,0
North Macedonia;2016;0,1
North Macedonia;2017;0,0
North Macedonia;2018;
North Macedonia;2019;
Pakistan;1999;0,0
Pakistan;2000;0,0
Pakistan;2001;0,0
Pakistan;2002;0,5
Pakistan;2003;0,0
Pakistan;2004;0,0
Pakistan;2005;0,0
Pakistan;2006;0,0
Pakistan;2007;0,0
Pakistan;2008;1,0
Pakistan;2009;0,0
Pakistan;2010;0,0
Pakistan;2011;0,0
Pakistan;2012;0,0
Pakistan;2013;2,0
Pakistan;2014;2,0
Pakistan;2015;0,0
Pakistan;2016;6,0
Pakistan;2017;1,0
Pakistan;2018;
Pakistan;2019;
Panama;1999;0,0
Panama;2000;0,0
Panama;2001;0,0
Panama;2002;0,7
Panama;2003;2,0
Panama;2004;1,2
Panama;2005;0,0
Panama;2006;0,5
Panama;2007;0,3
Panama;2008;0,2
Panama;2009;0,5
Panama;2010;3,8
Panama;2011;0,0
Panama;2012;3,8
Panama;2013;5,3
Panama;2014;4,0
Panama;2015;3,5
Panama;2016;3,0
Panama;2017;2,0
Panama;2018;
Panama;2019;
Peru;1999;0,2
Peru;2000;2,5
Peru;2001;1,0
Peru;2002;0,0
Peru;2003;5,0
Peru;2004;4,8
Peru;2005;8,3
Peru;2006;3,8
Peru;2007;4,0
Peru;2008;3,5
Peru;2009;9,0
Peru;2010;2,0
Peru;2011;5,7
Peru;2012;3,3
Peru;2013;5,2
Peru;2014;3,8
Peru;2015;3,9
Peru;2016;4,0
Peru;2017;3,7
Peru;2018;
Peru;2019;
Philippines;1999;0,0
Philippines;2000;0,0
Philippines;2001;0,0
Philippines;2002;0,0
Philippines;2003;0,0
Philippines;2004;0,0
Philippines;2005;0,0
Philippines;2006;0,0
Philippines;2007;0,3
Philippines;2008;0,0
Philippines;2009;3,0
Philippines;2010;0,0
Philippines;2011;0,0
Philippines;2012;0,4
Philippines;2013;3,2
Philippines;2014;0,0
Philippines;2015;1,5
Philippines;2016;0,3
Philippines;2017;0,0
Philippines;2018;
Philippines;2019;
Puerto Rico;1999;3,7
Puerto Rico;2000;3,0
Puerto Rico;2001;2,0
Puerto Rico;2002;2,0
Puerto Rico;2003;4,5
Puerto Rico;2004;5,8
Puerto Rico;2005;5,9
Puerto Rico;2006;6,0
Puerto Rico;2007;5,9
Puerto Rico;2008;4,5
Puerto Rico;2009;10,8
Puerto Rico;2010;5,5
Puerto Rico;2011;6,0
Puerto Rico;2012;9,2
Puerto Rico;2013;11,5
Puerto Rico;2014;5,2
Puerto Rico;2015;4,5
Puerto Rico;2016;4,0
Puerto Rico;2017;1,0
Puerto Rico;2018;
Puerto Rico;2019;
Romania;1999;50,3
Romania;2000;63,3
Romania;2001;64,5
Romania;2002;56,7
Romania;2003;66,0
Romania;2004;61,9
Romania;2005;68,3
Romania;2006;83,0
Romania;2007;98,4
Romania;2008;96,3
Romania;2009;99,5
Romania;2010;110,3
Romania;2011;137,0
Romania;2012;115,0
Romania;2013;111,2
Romania;2014;129,4
Romania;2015;83,6
Romania;2016;78,5
Romania;2017;62,3
Romania;2018;
Romania;2019;
Russia;1999;0,5
Russia;2000;3,0
Russia;2001;1,3
Russia;2002;3,3
Russia;2003;0,0
Russia;2004;5,0
Russia;2005;7,5
Russia;2006;7,6
Russia;2007;11,0
Russia;2008;7,7
Russia;2009;8,5
Russia;2010;12,1
Russia;2011;43,1
Russia;2012;47,4
Russia;2013;50,4
Russia;2014;75,5
Russia;2015;91,2
Russia;2016;66,8
Russia;2017;86,3
Russia;2018;
Russia;2019;
Saudi Arabia;1999;0,0
Saudi Arabia;2000;0,0
Saudi Arabia;2001;0,0
Saudi Arabia;2002;0,0
Saudi Arabia;2003;0,0
Saudi Arabia;2004;0,0
Saudi Arabia;2005;0,0
Saudi Arabia;2006;0,0
Saudi Arabia;2007;0,0
Saudi Arabia;2008;0,0
Saudi Arabia;2009;0,0
Saudi Arabia;2010;0,0
Saudi Arabia;2011;0,0
Saudi Arabia;2012;0,0
Saudi Arabia;2013;0,0
Saudi Arabia;2014;0,0
Saudi Arabia;2015;0,0
Saudi Arabia;2016;0,0
Saudi Arabia;2017;0,0
Saudi Arabia;2018;
Saudi Arabia;2019;
Seychelles;1999;8,0
Seychelles;2000;9,0
Seychelles;2001;5,7
Seychelles;2002;12,5
Seychelles;2003;18,5
Seychelles;2004;19,5
Seychelles;2005;25,3
Seychelles;2006;25,7
Seychelles;2007;45,7
Seychelles;2008;66,2
Seychelles;2009;75,9
Seychelles;2010;78,2
Seychelles;2011;85,0
Seychelles;2012;79,8
Seychelles;2013;72,4
Seychelles;2014;68,8
Seychelles;2015;65,3
Seychelles;2016;63,6
Seychelles;2017;38,9
Seychelles;2018;
Seychelles;2019;
Singapore;1999;41,2
Singapore;2000;35,5
Singapore;2001;50,3
Singapore;2002;53,5
Singapore;2003;37,3
Singapore;2004;39,2
Singapore;2005;53,7
Singapore;2006;38,5
Singapore;2007;42,4
Singapore;2008;47,9
Singapore;2009;37,5
Singapore;2010;43,8
Singapore;2011;41,7
Singapore;2012;39,2
Singapore;2013;35,7
Singapore;2014;38,9
Singapore;2015;41,5
Singapore;2016;25,9
Singapore;2017;14,3
Singapore;2018;
Singapore;2019;
South Africa;1999;0,0
South Africa;2000;0,2
South Africa;2001;0,0
South Africa;2002;1,0
South Africa;2003;1,0
South Africa;2004;0,0
South Africa;2005;0,0
South Africa;2006;1,0
South Africa;2007;1,0
South Africa;2008;2,0
South Africa;2009;1,3
South Africa;2010;1,0
South Africa;2011;0,0
South Africa;2012;3,0
South Africa;2013;5,0
South Africa;2014;0,0
South Africa;2015;1,0
South Africa;2016;0,7
South Africa;2017;0,0
South Africa;2018;
South Africa;2019;
Sri Lanka;1999;0,3
Sri Lanka;2000;6,6
Sri Lanka;2001;3,0
Sri Lanka;2002;3,1
Sri Lanka;2003;14,4
Sri Lanka;2004;7,7
Sri Lanka;2005;11,8
Sri Lanka;2006;20,1
Sri Lanka;2007;21,8
Sri Lanka;2008;20,2
Sri Lanka;2009;30,1
Sri Lanka;2010;43,9
Sri Lanka;2011;49,1
Sri Lanka;2012;68,8
Sri Lanka;2013;63,7
Sri Lanka;2014;37,8
Sri Lanka;2015;38,8
Sri Lanka;2016;31,3
Sri Lanka;2017;8,1
Sri Lanka;2018;
Sri Lanka;2019;
Thailand;1999;0,0
Thailand;2000;0,0
Thailand;2001;0,8
Thailand;2002;2,0
Thailand;2003;2,2
Thailand;2004;3,0
Thailand;2005;0,3
Thailand;2006;1,3
Thailand;2007;3,3
Thailand;2008;2,9
Thailand;2009;6,3
Thailand;2010;16,1
Thailand;2011;20,2
Thailand;2012;18,5
Thailand;2013;8,5
Thailand;2014;18,8
Thailand;2015;19,2
Thailand;2016;22,3
Thailand;2017;2,2
Thailand;2018;
Thailand;2019;
Trinidad and Tobago;1999;0,0
Trinidad and Tobago;2000;0,0
Trinidad and Tobago;2001;0,0
Trinidad and Tobago;2002;0,3
Trinidad and Tobago;2003;0,0
Trinidad and Tobago;2004;0,0
Trinidad and Tobago;2005;0,2
Trinidad and Tobago;2006;0,0
Trinidad and Tobago;2007;0,0
Trinidad and Tobago;2008;0,0
Trinidad and Tobago;2009;0,0
Trinidad and Tobago;2010;0,2
Trinidad and Tobago;2011;0,0
Trinidad and Tobago;2012;0,0
Trinidad and Tobago;2013;0,0
Trinidad and Tobago;2014;0,0
Trinidad and Tobago;2015;0,0
Trinidad and Tobago;2016;0,0
Trinidad and Tobago;2017;0,0
Trinidad and Tobago;2018;
Trinidad and Tobago;2019;
Tunisia;1999;0,0
Tunisia;2000;0,0
Tunisia;2001;0,0
Tunisia;2002;2,0
Tunisia;2003;0,0
Tunisia;2004;0,2
Tunisia;2005;1,5
Tunisia;2006;1,0
Tunisia;2007;0,0
Tunisia;2008;1,0
Tunisia;2009;2,9
Tunisia;2010;4,0
Tunisia;2011;2,0
Tunisia;2012;0,5
Tunisia;2013;0,0
Tunisia;2014;0,0
Tunisia;2015;1,0
Tunisia;2016;1,9
Tunisia;2017;0,0
Tunisia;2018;
Tunisia;2019;
Ukraine;1999;4,1
Ukraine;2000;6,4
Ukraine;2001;8,8
Ukraine;2002;0,7
Ukraine;2003;10,7
Ukraine;2004;9,4
Ukraine;2005;12,5
Ukraine;2006;15,3
Ukraine;2007;22,2
Ukraine;2008;11,9
Ukraine;2009;13,4
Ukraine;2010;20,8
Ukraine;2011;16,4
Ukraine;2012;16,7
Ukraine;2013;19,8
Ukraine;2014;16,4
Ukraine;2015;15,6
Ukraine;2016;13,5
Ukraine;2017;12,3
Ukraine;2018;
Ukraine;2019;
United Arab Emirates;1999;0,0
United Arab Emirates;2000;1,0
United Arab Emirates;2001;1,0
United Arab Emirates;2002;0,3
United Arab Emirates;2003;1,0
United Arab Emirates;2004;3,3
United Arab Emirates;2005;1,2
United Arab Emirates;2006;1,5
United Arab Emirates;2007;2,0
United Arab Emirates;2008;4,8
United Arab Emirates;2009;4,8
United Arab Emirates;2010;8,6
United Arab Emirates;2011;4,5
United Arab Emirates;2012;4,9
United Arab Emirates;2013;10,2
United Arab Emirates;2014;11,5
United Arab Emirates;2015;10,3
United Arab Emirates;2016;7,5
United Arab Emirates;2017;3,8
United Arab Emirates;2018;
United Arab Emirates;2019;
Uruguay;1999;0,5
Uruguay;2000;0,0
Uruguay;2001;0,0
Uruguay;2002;0,0
Uruguay;2003;0,0
Uruguay;2004;0,0
Uruguay;2005;0,0
Uruguay;2006;0,0
Uruguay;2007;2,0
Uruguay;2008;1,0
Uruguay;2009;0,0
Uruguay;2010;0,0
Uruguay;2011;1,0
Uruguay;2012;0,1
Uruguay;2013;2,0
Uruguay;2014;1,6
Uruguay;2015;1,0
Uruguay;2016;0,0
Uruguay;2017;0,8
Uruguay;2018;
Uruguay;2019;
Uzbekistan;1999;0,0
Uzbekistan;2000;1,3
Uzbekistan;2001;0,0
Uzbekistan;2002;1,0
Uzbekistan;2003;0,0
Uzbekistan;2004;1,3
Uzbekistan;2005;0,5
Uzbekistan;2006;1,6
Uzbekistan;2007;0,0
Uzbekistan;2008;0,0
Uzbekistan;2009;0,0
Uzbekistan;2010;0,0
Uzbekistan;2011;0,7
Uzbekistan;2012;0,0
Uzbekistan;2013;0,0
Uzbekistan;2014;0,0
Uzbekistan;2015;0,0
Uzbekistan;2016;0,0
Uzbekistan;2017;0,5
Uzbekistan;2018;
Uzbekistan;2019;
Venezuela;1999;1,1
Venezuela;2000;0,5
Venezuela;2001;0,3
Venezuela;2002;0,9
Venezuela;2003;0,5
Venezuela;2004;0,0
Venezuela;2005;0,0
Venezuela;2006;1,8
Venezuela;2007;0,0
Venezuela;2008;0,0
Venezuela;2009;0,0
Venezuela;2010;0,0
Venezuela;2011;1,2
Venezuela;2012;1,5
Venezuela;2013;1,0
Venezuela;2014;0,0
Venezuela;2015;0,0
Venezuela;2016;1,0
Venezuela;2017;0,0
Venezuela;2018;
Venezuela;2019;
Zimbabwe;1999;0,0
Zimbabwe;2000;1,0
Zimbabwe;2001;0,0
Zimbabwe;2002;0,0
Zimbabwe;2003;0,5
Zimbabwe;2004;0,0
Zimbabwe;2005;0,0
Zimbabwe;2006;0,0
Zimbabwe;2007;0,0
Zimbabwe;2008;1,0
Zimbabwe;2009;0,0
Zimbabwe;2010;0,0
Zimbabwe;2011;0,0
Zimbabwe;2012;0,0
Zimbabwe;2013;0,0
Zimbabwe;2014;0,0
Zimbabwe;2015;1,0
Zimbabwe;2016;0,5
Zimbabwe;2017;0,0
Zimbabwe;2018;
Zimbabwe;2019;
BRIC;1999;0,0
BRIC;2000;0,0
BRIC;2001;0,0
BRIC;2002;0,0
BRIC;2003;0,0
BRIC;2004;0,0
BRIC;2005;0,0
BRIC;2006;0,0
BRIC;2007;0,0
BRIC;2008;0,0
BRIC;2009;0,0
BRIC;2010;0,0
BRIC;2011;0,0
BRIC;2012;0,0
BRIC;2013;0,0
BRIC;2014;0,0
BRIC;2015;0,0
BRIC;2016;0,0
BRIC;2017;0,0
BRIC;2018;
BRIC;2019;